week_start,country_name,country_code,contact_reason_name,contact_reason_id,contact_volume,avg_aht_minutes,fcr_rate,avg_csat,csat_responses,backlog_end_of_week,compensation_cost,total_orders,cancelled_orders,cancellation_rate,contact_rate,active_agents,available_minutes,built_at
2026-01-05,Austria,AT,Account issue,account_issue,3,9.06,1.0,4.5,2,1,0.0,422,19,0.045,0.0071,52,28685,2026-06-22 19:54:06
2026-01-05,Austria,AT,Cancellation,cancellation,11,6.92,1.0,3.67,3,4,0.0,422,19,0.045,0.0261,52,28685,2026-06-22 19:54:06
2026-01-05,Austria,AT,Late delivery,late_delivery,13,7.34,1.0,4.5,4,4,36.57,422,19,0.045,0.0308,52,28685,2026-06-22 19:54:06
2026-01-05,Austria,AT,Missing item,missing_item,4,6.43,1.0,,0,2,0.0,422,19,0.045,0.0095,52,28685,2026-06-22 19:54:06
2026-01-05,Austria,AT,Payment issue,payment_issue,5,11.05,1.0,4.0,3,1,0.0,422,19,0.045,0.0118,52,28685,2026-06-22 19:54:06
2026-01-05,Austria,AT,Refund request,refund_request,5,7.06,1.0,5.0,1,3,43.51,422,19,0.045,0.0118,52,28685,2026-06-22 19:54:06
2026-01-05,Germany,DE,Account issue,account_issue,6,10.75,1.0,4.0,2,1,0.0,1025,36,0.0351,0.0059,46,27383,2026-06-22 19:54:06
2026-01-05,Germany,DE,Cancellation,cancellation,23,5.67,0.9524,4.3,10,11,0.0,1025,36,0.0351,0.0224,46,27383,2026-06-22 19:54:06
2026-01-05,Germany,DE,Late delivery,late_delivery,41,8.17,0.925,4.0,13,9,121.06,1025,36,0.0351,0.04,46,27383,2026-06-22 19:54:06
2026-01-05,Germany,DE,Missing item,missing_item,13,7.52,1.0,4.0,2,6,51.6,1025,36,0.0351,0.0127,46,27383,2026-06-22 19:54:06
2026-01-05,Germany,DE,Payment issue,payment_issue,7,10.9,1.0,,0,1,0.0,1025,36,0.0351,0.0068,46,27383,2026-06-22 19:54:06
2026-01-05,Germany,DE,Refund request,refund_request,10,8.78,1.0,4.0,2,2,17.48,1025,36,0.0351,0.0098,46,27383,2026-06-22 19:54:06
2026-01-05,Netherlands,NL,Account issue,account_issue,5,9.57,1.0,4.5,2,3,0.0,614,23,0.0375,0.0081,49,26632,2026-06-22 19:54:06
2026-01-05,Netherlands,NL,Cancellation,cancellation,7,7.6,1.0,5.0,1,5,0.0,614,23,0.0375,0.0114,49,26632,2026-06-22 19:54:06
2026-01-05,Netherlands,NL,Late delivery,late_delivery,23,6.76,0.913,3.62,13,4,80.06,614,23,0.0375,0.0375,49,26632,2026-06-22 19:54:06
2026-01-05,Netherlands,NL,Missing item,missing_item,6,6.74,1.0,3.75,4,2,37.26,614,23,0.0375,0.0098,49,26632,2026-06-22 19:54:06
2026-01-05,Netherlands,NL,Payment issue,payment_issue,3,9.93,1.0,5.0,2,1,0.0,614,23,0.0375,0.0049,49,26632,2026-06-22 19:54:06
2026-01-05,Netherlands,NL,Refund request,refund_request,10,8.19,1.0,4.33,3,3,66.4,614,23,0.0375,0.0163,49,26632,2026-06-22 19:54:06
2026-01-05,Poland,PL,Account issue,account_issue,4,8.15,1.0,4.0,1,2,0.0,535,23,0.043,0.0075,48,28554,2026-06-22 19:54:06
2026-01-05,Poland,PL,Cancellation,cancellation,10,6.28,1.0,3.5,6,1,0.0,535,23,0.043,0.0187,48,28554,2026-06-22 19:54:06
2026-01-05,Poland,PL,Late delivery,late_delivery,22,7.84,0.9,3.63,8,7,80.72,535,23,0.043,0.0411,48,28554,2026-06-22 19:54:06
2026-01-05,Poland,PL,Missing item,missing_item,5,6.76,1.0,4.5,2,3,10.95,535,23,0.043,0.0093,48,28554,2026-06-22 19:54:06
2026-01-05,Poland,PL,Payment issue,payment_issue,8,11.84,0.875,4.4,5,2,0.0,535,23,0.043,0.015,48,28554,2026-06-22 19:54:06
2026-01-05,Poland,PL,Refund request,refund_request,8,8.91,0.75,3.0,2,0,31.99,535,23,0.043,0.015,48,28554,2026-06-22 19:54:06
2026-01-05,United Kingdom,UK,Account issue,account_issue,9,8.55,1.0,4.25,4,3,0.0,881,39,0.0443,0.0102,47,27467,2026-06-22 19:54:06
2026-01-05,United Kingdom,UK,Cancellation,cancellation,13,5.98,1.0,4.0,3,4,0.0,881,39,0.0443,0.0148,47,27467,2026-06-22 19:54:06
2026-01-05,United Kingdom,UK,Late delivery,late_delivery,43,8.0,0.881,3.94,17,15,182.73,881,39,0.0443,0.0488,47,27467,2026-06-22 19:54:06
2026-01-05,United Kingdom,UK,Missing item,missing_item,18,6.53,1.0,4.4,5,7,95.63,881,39,0.0443,0.0204,47,27467,2026-06-22 19:54:06
2026-01-05,United Kingdom,UK,Payment issue,payment_issue,2,9.1,1.0,,0,0,0.0,881,39,0.0443,0.0023,47,27467,2026-06-22 19:54:06
2026-01-05,United Kingdom,UK,Refund request,refund_request,11,8.56,0.8889,4.0,3,2,117.02,881,39,0.0443,0.0125,47,27467,2026-06-22 19:54:06
2026-01-12,Austria,AT,Account issue,account_issue,2,12.49,1.0,4.0,1,0,0.0,374,15,0.0401,0.0053,52,27972,2026-06-22 19:54:06
2026-01-12,Austria,AT,Cancellation,cancellation,7,6.01,1.0,4.0,2,5,0.0,374,15,0.0401,0.0187,52,27972,2026-06-22 19:54:06
2026-01-12,Austria,AT,Late delivery,late_delivery,16,7.31,0.9375,3.8,5,3,119.91,374,15,0.0401,0.0428,52,27972,2026-06-22 19:54:06
2026-01-12,Austria,AT,Missing item,missing_item,4,8.9,1.0,,0,3,0.0,374,15,0.0401,0.0107,52,27972,2026-06-22 19:54:06
2026-01-12,Austria,AT,Payment issue,payment_issue,5,8.73,0.8,4.5,2,1,0.0,374,15,0.0401,0.0134,52,27972,2026-06-22 19:54:06
2026-01-12,Austria,AT,Refund request,refund_request,1,8.85,1.0,,0,0,26.27,374,15,0.0401,0.0027,52,27972,2026-06-22 19:54:06
2026-01-12,Germany,DE,Account issue,account_issue,4,9.93,1.0,5.0,2,2,0.0,1038,54,0.052,0.0039,43,27071,2026-06-22 19:54:06
2026-01-12,Germany,DE,Cancellation,cancellation,14,6.01,0.8333,3.67,3,3,0.0,1038,54,0.052,0.0135,43,27071,2026-06-22 19:54:06
2026-01-12,Germany,DE,Late delivery,late_delivery,36,8.17,0.8857,3.6,10,12,142.39,1038,54,0.052,0.0347,43,27071,2026-06-22 19:54:06
2026-01-12,Germany,DE,Missing item,missing_item,10,7.46,1.0,4.67,3,4,60.56,1038,54,0.052,0.0096,43,27071,2026-06-22 19:54:06
2026-01-12,Germany,DE,Payment issue,payment_issue,5,10.06,1.0,4.0,1,1,0.0,1038,54,0.052,0.0048,43,27071,2026-06-22 19:54:06
2026-01-12,Germany,DE,Refund request,refund_request,10,9.06,1.0,4.33,3,5,76.01,1038,54,0.052,0.0096,43,27071,2026-06-22 19:54:06
2026-01-12,Netherlands,NL,Account issue,account_issue,3,9.17,1.0,4.5,2,1,0.0,680,30,0.0441,0.0044,48,25828,2026-06-22 19:54:06
2026-01-12,Netherlands,NL,Cancellation,cancellation,10,5.79,0.8889,4.5,4,5,0.0,680,30,0.0441,0.0147,48,25828,2026-06-22 19:54:06
2026-01-12,Netherlands,NL,Late delivery,late_delivery,24,7.37,0.8636,4.4,5,5,43.93,680,30,0.0441,0.0353,48,25828,2026-06-22 19:54:06
2026-01-12,Netherlands,NL,Missing item,missing_item,6,6.54,0.8333,4.5,4,3,39.24,680,30,0.0441,0.0088,48,25828,2026-06-22 19:54:06
2026-01-12,Netherlands,NL,Payment issue,payment_issue,2,8.66,1.0,4.0,1,0,0.0,680,30,0.0441,0.0029,48,25828,2026-06-22 19:54:06
2026-01-12,Netherlands,NL,Refund request,refund_request,7,9.5,0.7143,4.0,1,0,91.43,680,30,0.0441,0.0103,48,25828,2026-06-22 19:54:06
2026-01-12,Poland,PL,Account issue,account_issue,2,9.35,1.0,5.0,1,0,0.0,535,21,0.0393,0.0037,46,27250,2026-06-22 19:54:06
2026-01-12,Poland,PL,Cancellation,cancellation,10,5.96,1.0,4.2,5,6,0.0,535,21,0.0393,0.0187,46,27250,2026-06-22 19:54:06
2026-01-12,Poland,PL,Late delivery,late_delivery,18,7.83,0.8667,4.6,5,7,48.17,535,21,0.0393,0.0336,46,27250,2026-06-22 19:54:06
2026-01-12,Poland,PL,Missing item,missing_item,3,3.68,1.0,4.0,2,0,12.73,535,21,0.0393,0.0056,46,27250,2026-06-22 19:54:06
2026-01-12,Poland,PL,Payment issue,payment_issue,2,10.52,1.0,5.0,1,1,0.0,535,21,0.0393,0.0037,46,27250,2026-06-22 19:54:06
2026-01-12,Poland,PL,Refund request,refund_request,6,9.62,1.0,,0,2,90.06,535,21,0.0393,0.0112,46,27250,2026-06-22 19:54:06
2026-01-12,United Kingdom,UK,Account issue,account_issue,2,8.29,1.0,,0,0,0.0,834,41,0.0492,0.0024,46,27010,2026-06-22 19:54:06
2026-01-12,United Kingdom,UK,Cancellation,cancellation,20,6.11,0.95,4.5,6,5,0.0,834,41,0.0492,0.024,46,27010,2026-06-22 19:54:06
2026-01-12,United Kingdom,UK,Late delivery,late_delivery,29,8.19,0.88,3.75,12,10,109.45,834,41,0.0492,0.0348,46,27010,2026-06-22 19:54:06
2026-01-12,United Kingdom,UK,Missing item,missing_item,8,6.94,0.875,,0,2,45.96,834,41,0.0492,0.0096,46,27010,2026-06-22 19:54:06
2026-01-12,United Kingdom,UK,Payment issue,payment_issue,6,9.65,0.8333,3.0,2,1,0.0,834,41,0.0492,0.0072,46,27010,2026-06-22 19:54:06
2026-01-12,United Kingdom,UK,Refund request,refund_request,8,8.47,1.0,,0,4,79.79,834,41,0.0492,0.0096,46,27010,2026-06-22 19:54:06
2026-01-19,Austria,AT,Account issue,account_issue,1,8.02,1.0,,0,1,0.0,366,14,0.0383,0.0027,50,26882,2026-06-22 19:54:06
2026-01-19,Austria,AT,Cancellation,cancellation,4,5.32,1.0,5.0,1,0,0.0,366,14,0.0383,0.0109,50,26882,2026-06-22 19:54:06
2026-01-19,Austria,AT,Late delivery,late_delivery,10,8.36,0.9,4.25,4,1,62.93,366,14,0.0383,0.0273,50,26882,2026-06-22 19:54:06
2026-01-19,Austria,AT,Missing item,missing_item,5,7.11,1.0,4.0,2,1,18.38,366,14,0.0383,0.0137,50,26882,2026-06-22 19:54:06
2026-01-19,Austria,AT,Refund request,refund_request,3,8.02,1.0,,0,3,37.35,366,14,0.0383,0.0082,50,26882,2026-06-22 19:54:06
2026-01-19,Germany,DE,Account issue,account_issue,10,7.18,1.0,4.0,5,2,0.0,1017,36,0.0354,0.0098,47,26763,2026-06-22 19:54:06
2026-01-19,Germany,DE,Cancellation,cancellation,14,6.48,0.8571,4.0,4,3,0.0,1017,36,0.0354,0.0138,47,26763,2026-06-22 19:54:06
2026-01-19,Germany,DE,Late delivery,late_delivery,38,8.44,0.9189,3.54,13,5,166.24,1017,36,0.0354,0.0374,47,26763,2026-06-22 19:54:06
2026-01-19,Germany,DE,Missing item,missing_item,8,6.73,1.0,4.5,2,2,25.75,1017,36,0.0354,0.0079,47,26763,2026-06-22 19:54:06
2026-01-19,Germany,DE,Payment issue,payment_issue,8,9.8,1.0,4.33,3,1,0.0,1017,36,0.0354,0.0079,47,26763,2026-06-22 19:54:06
2026-01-19,Germany,DE,Refund request,refund_request,6,9.28,0.8333,4.33,3,3,0.0,1017,36,0.0354,0.0059,47,26763,2026-06-22 19:54:06
2026-01-19,Netherlands,NL,Account issue,account_issue,1,8.75,1.0,,0,0,0.0,604,21,0.0348,0.0017,44,28316,2026-06-22 19:54:06
2026-01-19,Netherlands,NL,Cancellation,cancellation,3,6.59,1.0,4.0,2,1,0.0,604,21,0.0348,0.005,44,28316,2026-06-22 19:54:06
2026-01-19,Netherlands,NL,Late delivery,late_delivery,23,7.34,0.8261,3.83,12,9,111.17,604,21,0.0348,0.0381,44,28316,2026-06-22 19:54:06
2026-01-19,Netherlands,NL,Missing item,missing_item,4,5.52,1.0,,0,0,44.96,604,21,0.0348,0.0066,44,28316,2026-06-22 19:54:06
2026-01-19,Netherlands,NL,Payment issue,payment_issue,5,10.91,1.0,4.5,2,1,0.0,604,21,0.0348,0.0083,44,28316,2026-06-22 19:54:06
2026-01-19,Netherlands,NL,Refund request,refund_request,10,8.32,0.8889,3.75,4,3,81.19,604,21,0.0348,0.0166,44,28316,2026-06-22 19:54:06
2026-01-19,Poland,PL,Account issue,account_issue,1,,,,0,1,0.0,540,31,0.0574,0.0019,43,27582,2026-06-22 19:54:06
2026-01-19,Poland,PL,Cancellation,cancellation,14,5.78,1.0,4.43,7,4,0.0,540,31,0.0574,0.0259,43,27582,2026-06-22 19:54:06
2026-01-19,Poland,PL,Late delivery,late_delivery,11,9.35,0.875,4.33,3,5,55.35,540,31,0.0574,0.0204,43,27582,2026-06-22 19:54:06
2026-01-19,Poland,PL,Missing item,missing_item,7,8.11,1.0,4.0,2,2,19.83,540,31,0.0574,0.013,43,27582,2026-06-22 19:54:06
2026-01-19,Poland,PL,Payment issue,payment_issue,4,10.22,1.0,3.0,1,2,0.0,540,31,0.0574,0.0074,43,27582,2026-06-22 19:54:06
2026-01-19,Poland,PL,Refund request,refund_request,8,8.11,1.0,4.25,4,3,37.11,540,31,0.0574,0.0148,43,27582,2026-06-22 19:54:06
2026-01-19,United Kingdom,UK,Account issue,account_issue,6,8.47,1.0,4.5,2,1,0.0,777,32,0.0412,0.0077,47,27960,2026-06-22 19:54:06
2026-01-19,United Kingdom,UK,Cancellation,cancellation,19,5.98,0.8824,3.67,3,3,0.0,777,32,0.0412,0.0245,47,27960,2026-06-22 19:54:06
2026-01-19,United Kingdom,UK,Late delivery,late_delivery,31,7.36,0.931,3.91,11,8,75.68,777,32,0.0412,0.0399,47,27960,2026-06-22 19:54:06
2026-01-19,United Kingdom,UK,Missing item,missing_item,9,6.45,0.875,4.5,4,1,66.72,777,32,0.0412,0.0116,47,27960,2026-06-22 19:54:06
2026-01-19,United Kingdom,UK,Payment issue,payment_issue,8,11.05,1.0,4.2,5,4,0.0,777,32,0.0412,0.0103,47,27960,2026-06-22 19:54:06
2026-01-19,United Kingdom,UK,Refund request,refund_request,11,10.26,1.0,4.6,5,4,0.0,777,32,0.0412,0.0142,47,27960,2026-06-22 19:54:06
2026-01-26,Austria,AT,Account issue,account_issue,4,7.41,1.0,5.0,2,2,0.0,401,20,0.0499,0.01,48,25520,2026-06-22 19:54:06
2026-01-26,Austria,AT,Cancellation,cancellation,9,5.38,0.8889,3.33,3,1,0.0,401,20,0.0499,0.0224,48,25520,2026-06-22 19:54:06
2026-01-26,Austria,AT,Late delivery,late_delivery,17,7.95,0.9375,3.67,6,4,75.78,401,20,0.0499,0.0424,48,25520,2026-06-22 19:54:06
2026-01-26,Austria,AT,Missing item,missing_item,6,7.95,1.0,4.4,5,2,4.4,401,20,0.0499,0.015,48,25520,2026-06-22 19:54:06
2026-01-26,Austria,AT,Payment issue,payment_issue,1,11.22,1.0,4.0,1,1,0.0,401,20,0.0499,0.0025,48,25520,2026-06-22 19:54:06
2026-01-26,Austria,AT,Refund request,refund_request,1,10.73,1.0,,0,1,0.0,401,20,0.0499,0.0025,48,25520,2026-06-22 19:54:06
2026-01-26,Germany,DE,Account issue,account_issue,6,7.18,1.0,4.67,3,2,0.0,1045,47,0.045,0.0057,46,26768,2026-06-22 19:54:06
2026-01-26,Germany,DE,Cancellation,cancellation,14,5.89,0.9231,4.25,4,3,0.0,1045,47,0.045,0.0134,46,26768,2026-06-22 19:54:06
2026-01-26,Germany,DE,Late delivery,late_delivery,31,8.37,0.92,3.71,7,14,104.02,1045,47,0.045,0.0297,46,26768,2026-06-22 19:54:06
2026-01-26,Germany,DE,Missing item,missing_item,17,7.35,0.8824,4.25,4,6,31.56,1045,47,0.045,0.0163,46,26768,2026-06-22 19:54:06
2026-01-26,Germany,DE,Payment issue,payment_issue,4,11.1,1.0,4.0,3,0,0.0,1045,47,0.045,0.0038,46,26768,2026-06-22 19:54:06
2026-01-26,Germany,DE,Refund request,refund_request,13,9.39,0.8333,4.33,3,7,39.24,1045,47,0.045,0.0124,46,26768,2026-06-22 19:54:06
2026-01-26,Netherlands,NL,Account issue,account_issue,4,8.09,1.0,3.5,2,2,0.0,658,27,0.041,0.0061,51,26177,2026-06-22 19:54:06
2026-01-26,Netherlands,NL,Cancellation,cancellation,15,5.68,1.0,4.5,2,5,0.0,658,27,0.041,0.0228,51,26177,2026-06-22 19:54:06
2026-01-26,Netherlands,NL,Late delivery,late_delivery,26,7.93,0.92,3.88,8,11,122.14,658,27,0.041,0.0395,51,26177,2026-06-22 19:54:06
2026-01-26,Netherlands,NL,Missing item,missing_item,7,7.34,0.8571,4.5,4,1,47.45,658,27,0.041,0.0106,51,26177,2026-06-22 19:54:06
2026-01-26,Netherlands,NL,Payment issue,payment_issue,3,10.75,1.0,4.0,1,1,0.0,658,27,0.041,0.0046,51,26177,2026-06-22 19:54:06
2026-01-26,Netherlands,NL,Refund request,refund_request,8,8.41,0.875,4.25,4,2,75.19,658,27,0.041,0.0122,51,26177,2026-06-22 19:54:06
2026-01-26,Poland,PL,Account issue,account_issue,6,7.95,0.8333,4.0,1,0,0.0,528,22,0.0417,0.0114,48,26454,2026-06-22 19:54:06
2026-01-26,Poland,PL,Cancellation,cancellation,8,5.87,0.875,3.6,5,3,0.0,528,22,0.0417,0.0152,48,26454,2026-06-22 19:54:06
2026-01-26,Poland,PL,Late delivery,late_delivery,29,7.83,0.8148,4.17,12,13,60.68,528,22,0.0417,0.0549,48,26454,2026-06-22 19:54:06
2026-01-26,Poland,PL,Missing item,missing_item,5,7.82,1.0,4.33,3,2,19.68,528,22,0.0417,0.0095,48,26454,2026-06-22 19:54:06
2026-01-26,Poland,PL,Payment issue,payment_issue,8,10.4,1.0,4.33,3,3,0.0,528,22,0.0417,0.0152,48,26454,2026-06-22 19:54:06
2026-01-26,Poland,PL,Refund request,refund_request,5,9.18,1.0,5.0,2,2,54.96,528,22,0.0417,0.0095,48,26454,2026-06-22 19:54:06
2026-01-26,United Kingdom,UK,Account issue,account_issue,11,8.27,1.0,4.0,4,2,0.0,832,33,0.0397,0.0132,49,25454,2026-06-22 19:54:06
2026-01-26,United Kingdom,UK,Cancellation,cancellation,12,6.04,1.0,4.25,4,3,0.0,832,33,0.0397,0.0144,49,25454,2026-06-22 19:54:06
2026-01-26,United Kingdom,UK,Late delivery,late_delivery,28,7.64,0.9286,3.58,12,11,50.68,832,33,0.0397,0.0337,49,25454,2026-06-22 19:54:06
2026-01-26,United Kingdom,UK,Missing item,missing_item,13,8.04,0.9167,4.0,2,6,34.27,832,33,0.0397,0.0156,49,25454,2026-06-22 19:54:06
2026-01-26,United Kingdom,UK,Payment issue,payment_issue,5,11.46,1.0,5.0,1,0,0.0,832,33,0.0397,0.006,49,25454,2026-06-22 19:54:06
2026-01-26,United Kingdom,UK,Refund request,refund_request,6,8.99,0.75,4.0,2,4,78.81,832,33,0.0397,0.0072,49,25454,2026-06-22 19:54:06
2026-02-02,Austria,AT,Account issue,account_issue,1,10.57,1.0,,0,0,0.0,381,20,0.0525,0.0026,49,27229,2026-06-22 19:54:06
2026-02-02,Austria,AT,Cancellation,cancellation,9,6.86,1.0,4.33,3,3,0.0,381,20,0.0525,0.0236,49,27229,2026-06-22 19:54:06
2026-02-02,Austria,AT,Late delivery,late_delivery,12,7.02,0.75,3.4,5,2,52.62,381,20,0.0525,0.0315,49,27229,2026-06-22 19:54:06
2026-02-02,Austria,AT,Missing item,missing_item,5,7.25,1.0,4.0,5,3,10.57,381,20,0.0525,0.0131,49,27229,2026-06-22 19:54:06
2026-02-02,Austria,AT,Payment issue,payment_issue,3,12.82,1.0,5.0,1,2,0.0,381,20,0.0525,0.0079,49,27229,2026-06-22 19:54:06
2026-02-02,Austria,AT,Refund request,refund_request,7,9.9,1.0,5.0,1,3,88.23,381,20,0.0525,0.0184,49,27229,2026-06-22 19:54:06
2026-02-02,Germany,DE,Account issue,account_issue,4,7.86,1.0,4.0,2,1,0.0,984,48,0.0488,0.0041,49,28093,2026-06-22 19:54:06
2026-02-02,Germany,DE,Cancellation,cancellation,10,5.08,1.0,,0,7,0.0,984,48,0.0488,0.0102,49,28093,2026-06-22 19:54:06
2026-02-02,Germany,DE,Late delivery,late_delivery,38,8.19,0.9429,4.16,19,15,137.16,984,48,0.0488,0.0386,49,28093,2026-06-22 19:54:06
2026-02-02,Germany,DE,Missing item,missing_item,13,7.06,1.0,4.0,3,2,61.59,984,48,0.0488,0.0132,49,28093,2026-06-22 19:54:06
2026-02-02,Germany,DE,Payment issue,payment_issue,9,11.59,1.0,4.67,3,1,0.0,984,48,0.0488,0.0091,49,28093,2026-06-22 19:54:06
2026-02-02,Germany,DE,Refund request,refund_request,13,8.96,0.9167,5.0,2,4,48.2,984,48,0.0488,0.0132,49,28093,2026-06-22 19:54:06
2026-02-02,Netherlands,NL,Account issue,account_issue,6,7.74,1.0,3.75,4,1,0.0,645,35,0.0543,0.0093,50,26953,2026-06-22 19:54:06
2026-02-02,Netherlands,NL,Cancellation,cancellation,14,5.47,0.9231,4.0,6,3,0.0,645,35,0.0543,0.0217,50,26953,2026-06-22 19:54:06
2026-02-02,Netherlands,NL,Late delivery,late_delivery,24,8.13,0.8571,3.78,9,11,88.68,645,35,0.0543,0.0372,50,26953,2026-06-22 19:54:06
2026-02-02,Netherlands,NL,Missing item,missing_item,8,7.16,0.75,4.0,2,1,23.88,645,35,0.0543,0.0124,50,26953,2026-06-22 19:54:06
2026-02-02,Netherlands,NL,Payment issue,payment_issue,4,9.57,1.0,4.67,3,1,0.0,645,35,0.0543,0.0062,50,26953,2026-06-22 19:54:06
2026-02-02,Netherlands,NL,Refund request,refund_request,7,8.47,1.0,5.0,2,3,73.11,645,35,0.0543,0.0109,50,26953,2026-06-22 19:54:06
2026-02-02,Poland,PL,Account issue,account_issue,2,8.16,1.0,4.0,1,1,0.0,520,32,0.0615,0.0038,48,27892,2026-06-22 19:54:06
2026-02-02,Poland,PL,Cancellation,cancellation,12,4.69,0.9167,5.0,2,1,0.0,520,32,0.0615,0.0231,48,27892,2026-06-22 19:54:06
2026-02-02,Poland,PL,Late delivery,late_delivery,16,8.39,0.9333,3.8,5,5,26.39,520,32,0.0615,0.0308,48,27892,2026-06-22 19:54:06
2026-02-02,Poland,PL,Missing item,missing_item,4,8.42,1.0,5.0,1,2,17.53,520,32,0.0615,0.0077,48,27892,2026-06-22 19:54:06
2026-02-02,Poland,PL,Payment issue,payment_issue,2,9.47,1.0,,0,1,0.0,520,32,0.0615,0.0038,48,27892,2026-06-22 19:54:06
2026-02-02,Poland,PL,Refund request,refund_request,2,8.53,1.0,,0,1,17.31,520,32,0.0615,0.0038,48,27892,2026-06-22 19:54:06
2026-02-02,United Kingdom,UK,Account issue,account_issue,2,8.27,1.0,,0,2,0.0,863,37,0.0429,0.0023,48,26985,2026-06-22 19:54:06
2026-02-02,United Kingdom,UK,Cancellation,cancellation,15,6.09,1.0,4.0,6,7,0.0,863,37,0.0429,0.0174,48,26985,2026-06-22 19:54:06
2026-02-02,United Kingdom,UK,Late delivery,late_delivery,26,7.85,1.0,4.36,11,11,93.3,863,37,0.0429,0.0301,48,26985,2026-06-22 19:54:06
2026-02-02,United Kingdom,UK,Missing item,missing_item,7,8.19,1.0,4.5,2,1,24.29,863,37,0.0429,0.0081,48,26985,2026-06-22 19:54:06
2026-02-02,United Kingdom,UK,Payment issue,payment_issue,5,10.07,1.0,3.75,4,2,0.0,863,37,0.0429,0.0058,48,26985,2026-06-22 19:54:06
2026-02-02,United Kingdom,UK,Refund request,refund_request,9,9.95,1.0,4.0,2,3,117.16,863,37,0.0429,0.0104,48,26985,2026-06-22 19:54:06
2026-02-09,Austria,AT,Account issue,account_issue,3,8.42,0.6667,3.0,1,0,0.0,410,15,0.0366,0.0073,46,29130,2026-06-22 19:54:06
2026-02-09,Austria,AT,Cancellation,cancellation,9,5.87,0.875,4.0,1,4,0.0,410,15,0.0366,0.022,46,29130,2026-06-22 19:54:06
2026-02-09,Austria,AT,Late delivery,late_delivery,18,7.73,0.9412,4.33,3,9,74.97,410,15,0.0366,0.0439,46,29130,2026-06-22 19:54:06
2026-02-09,Austria,AT,Missing item,missing_item,6,6.93,0.8,4.0,1,2,61.02,410,15,0.0366,0.0146,46,29130,2026-06-22 19:54:06
2026-02-09,Austria,AT,Payment issue,payment_issue,1,8.88,1.0,5.0,1,0,0.0,410,15,0.0366,0.0024,46,29130,2026-06-22 19:54:06
2026-02-09,Austria,AT,Refund request,refund_request,4,7.47,1.0,4.0,1,0,17.65,410,15,0.0366,0.0098,46,29130,2026-06-22 19:54:06
2026-02-09,Germany,DE,Account issue,account_issue,3,7.58,1.0,4.0,1,1,0.0,968,45,0.0465,0.0031,48,27679,2026-06-22 19:54:06
2026-02-09,Germany,DE,Cancellation,cancellation,16,5.9,1.0,4.5,6,3,0.0,968,45,0.0465,0.0165,48,27679,2026-06-22 19:54:06
2026-02-09,Germany,DE,Late delivery,late_delivery,34,7.67,0.963,4.29,7,15,134.52,968,45,0.0465,0.0351,48,27679,2026-06-22 19:54:06
2026-02-09,Germany,DE,Missing item,missing_item,9,6.31,1.0,4.33,6,4,21.89,968,45,0.0465,0.0093,48,27679,2026-06-22 19:54:06
2026-02-09,Germany,DE,Payment issue,payment_issue,9,9.35,0.875,4.25,4,4,0.0,968,45,0.0465,0.0093,48,27679,2026-06-22 19:54:06
2026-02-09,Germany,DE,Refund request,refund_request,9,8.27,0.8889,4.5,2,3,61.0,968,45,0.0465,0.0093,48,27679,2026-06-22 19:54:06
2026-02-09,Netherlands,NL,Account issue,account_issue,2,8.83,1.0,5.0,1,1,0.0,649,28,0.0431,0.0031,48,27424,2026-06-22 19:54:06
2026-02-09,Netherlands,NL,Cancellation,cancellation,9,6.37,1.0,4.33,3,6,0.0,649,28,0.0431,0.0139,48,27424,2026-06-22 19:54:06
2026-02-09,Netherlands,NL,Late delivery,late_delivery,17,7.48,0.9412,3.88,8,3,31.95,649,28,0.0431,0.0262,48,27424,2026-06-22 19:54:06
2026-02-09,Netherlands,NL,Missing item,missing_item,7,8.69,1.0,4.5,2,1,25.99,649,28,0.0431,0.0108,48,27424,2026-06-22 19:54:06
2026-02-09,Netherlands,NL,Payment issue,payment_issue,7,10.34,1.0,4.67,3,0,0.0,649,28,0.0431,0.0108,48,27424,2026-06-22 19:54:06
2026-02-09,Netherlands,NL,Refund request,refund_request,12,8.1,0.9091,4.33,3,4,57.57,649,28,0.0431,0.0185,48,27424,2026-06-22 19:54:06
2026-02-09,Poland,PL,Account issue,account_issue,3,10.49,1.0,4.5,2,2,0.0,570,28,0.0491,0.0053,47,27170,2026-06-22 19:54:06
2026-02-09,Poland,PL,Cancellation,cancellation,9,5.17,1.0,4.0,2,3,0.0,570,28,0.0491,0.0158,47,27170,2026-06-22 19:54:06
2026-02-09,Poland,PL,Late delivery,late_delivery,20,7.13,0.8125,3.6,5,8,103.37,570,28,0.0491,0.0351,47,27170,2026-06-22 19:54:06
2026-02-09,Poland,PL,Missing item,missing_item,6,6.02,0.8333,3.33,3,1,0.0,570,28,0.0491,0.0105,47,27170,2026-06-22 19:54:06
2026-02-09,Poland,PL,Payment issue,payment_issue,2,12.38,0.5,,0,1,0.0,570,28,0.0491,0.0035,47,27170,2026-06-22 19:54:06
2026-02-09,Poland,PL,Refund request,refund_request,3,7.84,1.0,3.0,1,0,0.0,570,28,0.0491,0.0053,47,27170,2026-06-22 19:54:06
2026-02-09,United Kingdom,UK,Account issue,account_issue,5,8.92,1.0,,0,0,0.0,836,32,0.0383,0.006,47,28224,2026-06-22 19:54:06
2026-02-09,United Kingdom,UK,Cancellation,cancellation,20,7.17,0.9412,4.22,9,8,0.0,836,32,0.0383,0.0239,47,28224,2026-06-22 19:54:06
2026-02-09,United Kingdom,UK,Late delivery,late_delivery,26,6.93,0.913,3.8,5,9,97.74,836,32,0.0383,0.0311,47,28224,2026-06-22 19:54:06
2026-02-09,United Kingdom,UK,Missing item,missing_item,4,7.37,1.0,5.0,1,1,15.17,836,32,0.0383,0.0048,47,28224,2026-06-22 19:54:06
2026-02-09,United Kingdom,UK,Payment issue,payment_issue,8,9.17,1.0,3.67,3,1,0.0,836,32,0.0383,0.0096,47,28224,2026-06-22 19:54:06
2026-02-09,United Kingdom,UK,Refund request,refund_request,11,9.27,0.8182,3.0,1,3,95.14,836,32,0.0383,0.0132,47,28224,2026-06-22 19:54:06
2026-02-16,Austria,AT,Cancellation,cancellation,14,5.92,1.0,4.67,3,5,0.0,374,23,0.0615,0.0374,45,25916,2026-06-22 19:54:06
2026-02-16,Austria,AT,Late delivery,late_delivery,10,8.89,0.9,3.8,5,3,26.36,374,23,0.0615,0.0267,45,25916,2026-06-22 19:54:06
2026-02-16,Austria,AT,Missing item,missing_item,6,6.35,1.0,,0,0,37.47,374,23,0.0615,0.016,45,25916,2026-06-22 19:54:06
2026-02-16,Austria,AT,Refund request,refund_request,6,8.46,1.0,4.0,1,3,55.1,374,23,0.0615,0.016,45,25916,2026-06-22 19:54:06
2026-02-16,Germany,DE,Account issue,account_issue,3,10.18,0.6667,5.0,1,0,0.0,956,39,0.0408,0.0031,50,29742,2026-06-22 19:54:06
2026-02-16,Germany,DE,Cancellation,cancellation,15,5.47,0.9333,3.8,5,4,0.0,956,39,0.0408,0.0157,50,29742,2026-06-22 19:54:06
2026-02-16,Germany,DE,Late delivery,late_delivery,37,7.85,0.9722,3.9,10,12,111.47,956,39,0.0408,0.0387,50,29742,2026-06-22 19:54:06
2026-02-16,Germany,DE,Missing item,missing_item,10,6.93,1.0,4.0,2,5,27.04,956,39,0.0408,0.0105,50,29742,2026-06-22 19:54:06
2026-02-16,Germany,DE,Payment issue,payment_issue,6,10.4,1.0,4.67,3,2,0.0,956,39,0.0408,0.0063,50,29742,2026-06-22 19:54:06
2026-02-16,Germany,DE,Refund request,refund_request,11,9.35,0.9091,4.5,2,4,51.19,956,39,0.0408,0.0115,50,29742,2026-06-22 19:54:06
2026-02-16,Netherlands,NL,Account issue,account_issue,7,9.77,1.0,5.0,2,1,0.0,637,24,0.0377,0.011,50,28393,2026-06-22 19:54:06
2026-02-16,Netherlands,NL,Cancellation,cancellation,8,6.25,1.0,4.0,4,3,0.0,637,24,0.0377,0.0126,50,28393,2026-06-22 19:54:06
2026-02-16,Netherlands,NL,Late delivery,late_delivery,20,7.59,0.8824,4.5,4,7,99.81,637,24,0.0377,0.0314,50,28393,2026-06-22 19:54:06
2026-02-16,Netherlands,NL,Missing item,missing_item,12,6.35,0.7273,4.0,3,3,52.53,637,24,0.0377,0.0188,50,28393,2026-06-22 19:54:06
2026-02-16,Netherlands,NL,Payment issue,payment_issue,3,10.1,1.0,5.0,2,1,0.0,637,24,0.0377,0.0047,50,28393,2026-06-22 19:54:06
2026-02-16,Netherlands,NL,Refund request,refund_request,10,8.31,0.7778,4.25,4,4,60.15,637,24,0.0377,0.0157,50,28393,2026-06-22 19:54:06
2026-02-16,Poland,PL,Account issue,account_issue,7,7.34,1.0,4.33,3,2,0.0,536,25,0.0466,0.0131,48,26358,2026-06-22 19:54:06
2026-02-16,Poland,PL,Cancellation,cancellation,9,4.64,0.7778,4.0,2,2,0.0,536,25,0.0466,0.0168,48,26358,2026-06-22 19:54:06
2026-02-16,Poland,PL,Late delivery,late_delivery,23,7.31,0.8182,3.75,12,6,55.8,536,25,0.0466,0.0429,48,26358,2026-06-22 19:54:06
2026-02-16,Poland,PL,Missing item,missing_item,7,6.97,1.0,4.5,2,3,11.47,536,25,0.0466,0.0131,48,26358,2026-06-22 19:54:06
2026-02-16,Poland,PL,Payment issue,payment_issue,6,11.37,1.0,,0,2,0.0,536,25,0.0466,0.0112,48,26358,2026-06-22 19:54:06
2026-02-16,Poland,PL,Refund request,refund_request,11,9.42,1.0,4.0,4,4,120.74,536,25,0.0466,0.0205,48,26358,2026-06-22 19:54:06
2026-02-16,United Kingdom,UK,Account issue,account_issue,3,7.11,1.0,,0,0,0.0,839,36,0.0429,0.0036,47,27789,2026-06-22 19:54:06
2026-02-16,United Kingdom,UK,Cancellation,cancellation,16,6.15,0.9375,3.8,5,3,0.0,839,36,0.0429,0.0191,47,27789,2026-06-22 19:54:06
2026-02-16,United Kingdom,UK,Late delivery,late_delivery,28,8.16,0.95,3.88,8,11,40.03,839,36,0.0429,0.0334,47,27789,2026-06-22 19:54:06
2026-02-16,United Kingdom,UK,Missing item,missing_item,18,6.94,1.0,4.0,3,4,52.17,839,36,0.0429,0.0215,47,27789,2026-06-22 19:54:06
2026-02-16,United Kingdom,UK,Payment issue,payment_issue,2,11.43,1.0,,0,1,0.0,839,36,0.0429,0.0024,47,27789,2026-06-22 19:54:06
2026-02-16,United Kingdom,UK,Refund request,refund_request,5,8.84,1.0,3.5,2,3,62.81,839,36,0.0429,0.006,47,27789,2026-06-22 19:54:06
2026-02-23,Austria,AT,Account issue,account_issue,1,13.68,1.0,,0,0,0.0,414,16,0.0386,0.0024,49,27789,2026-06-22 19:54:06
2026-02-23,Austria,AT,Cancellation,cancellation,5,6.49,1.0,4.0,1,1,0.0,414,16,0.0386,0.0121,49,27789,2026-06-22 19:54:06
2026-02-23,Austria,AT,Late delivery,late_delivery,22,7.72,0.95,3.43,7,8,86.73,414,16,0.0386,0.0531,49,27789,2026-06-22 19:54:06
2026-02-23,Austria,AT,Missing item,missing_item,2,5.63,1.0,,0,0,0.0,414,16,0.0386,0.0048,49,27789,2026-06-22 19:54:06
2026-02-23,Austria,AT,Payment issue,payment_issue,3,8.91,1.0,5.0,1,1,0.0,414,16,0.0386,0.0072,49,27789,2026-06-22 19:54:06
2026-02-23,Austria,AT,Refund request,refund_request,3,7.72,1.0,,0,3,28.26,414,16,0.0386,0.0072,49,27789,2026-06-22 19:54:06
2026-02-23,Germany,DE,Account issue,account_issue,12,8.37,0.9167,3.5,4,3,0.0,965,38,0.0394,0.0124,44,26992,2026-06-22 19:54:06
2026-02-23,Germany,DE,Cancellation,cancellation,15,5.68,1.0,4.29,7,5,0.0,965,38,0.0394,0.0155,44,26992,2026-06-22 19:54:06
2026-02-23,Germany,DE,Late delivery,late_delivery,30,8.01,0.8462,3.67,12,10,77.14,965,38,0.0394,0.0311,44,26992,2026-06-22 19:54:06
2026-02-23,Germany,DE,Missing item,missing_item,20,7.4,0.85,3.8,10,8,94.76,965,38,0.0394,0.0207,44,26992,2026-06-22 19:54:06
2026-02-23,Germany,DE,Payment issue,payment_issue,8,9.55,1.0,,0,1,0.0,965,38,0.0394,0.0083,44,26992,2026-06-22 19:54:06
2026-02-23,Germany,DE,Refund request,refund_request,6,9.25,1.0,3.0,2,1,0.0,965,38,0.0394,0.0062,44,26992,2026-06-22 19:54:06
2026-02-23,Netherlands,NL,Account issue,account_issue,5,8.8,0.75,3.0,1,3,0.0,655,37,0.0565,0.0076,47,27132,2026-06-22 19:54:06
2026-02-23,Netherlands,NL,Cancellation,cancellation,11,5.27,1.0,4.0,3,5,0.0,655,37,0.0565,0.0168,47,27132,2026-06-22 19:54:06
2026-02-23,Netherlands,NL,Late delivery,late_delivery,30,7.32,0.8214,3.75,12,8,120.83,655,37,0.0565,0.0458,47,27132,2026-06-22 19:54:06
2026-02-23,Netherlands,NL,Missing item,missing_item,10,7.06,1.0,4.8,5,4,47.87,655,37,0.0565,0.0153,47,27132,2026-06-22 19:54:06
2026-02-23,Netherlands,NL,Payment issue,payment_issue,2,7.89,1.0,,0,1,0.0,655,37,0.0565,0.0031,47,27132,2026-06-22 19:54:06
2026-02-23,Netherlands,NL,Refund request,refund_request,6,11.53,1.0,,0,0,34.37,655,37,0.0565,0.0092,47,27132,2026-06-22 19:54:06
2026-02-23,Poland,PL,Account issue,account_issue,7,7.82,1.0,5.0,2,1,0.0,505,27,0.0535,0.0139,47,27480,2026-06-22 19:54:06
2026-02-23,Poland,PL,Cancellation,cancellation,6,5.52,1.0,4.0,2,0,0.0,505,27,0.0535,0.0119,47,27480,2026-06-22 19:54:06
2026-02-23,Poland,PL,Late delivery,late_delivery,16,7.1,0.9286,3.4,5,6,54.41,505,27,0.0535,0.0317,47,27480,2026-06-22 19:54:06
2026-02-23,Poland,PL,Missing item,missing_item,9,7.53,1.0,4.0,3,4,39.89,505,27,0.0535,0.0178,47,27480,2026-06-22 19:54:06
2026-02-23,Poland,PL,Payment issue,payment_issue,4,10.43,1.0,4.5,2,1,0.0,505,27,0.0535,0.0079,47,27480,2026-06-22 19:54:06
2026-02-23,Poland,PL,Refund request,refund_request,5,9.39,1.0,5.0,1,3,28.2,505,27,0.0535,0.0099,47,27480,2026-06-22 19:54:06
2026-02-23,United Kingdom,UK,Cancellation,cancellation,9,7.85,1.0,4.0,2,2,0.0,814,27,0.0332,0.0111,48,27677,2026-06-22 19:54:06
2026-02-23,United Kingdom,UK,Late delivery,late_delivery,35,7.79,1.0,4.08,13,12,123.13,814,27,0.0332,0.043,48,27677,2026-06-22 19:54:06
2026-02-23,United Kingdom,UK,Missing item,missing_item,4,8.28,1.0,3.0,1,1,64.06,814,27,0.0332,0.0049,48,27677,2026-06-22 19:54:06
2026-02-23,United Kingdom,UK,Payment issue,payment_issue,5,9.77,1.0,5.0,1,1,0.0,814,27,0.0332,0.0061,48,27677,2026-06-22 19:54:06
2026-02-23,United Kingdom,UK,Refund request,refund_request,11,9.05,0.9,5.0,1,6,94.01,814,27,0.0332,0.0135,48,27677,2026-06-22 19:54:06
2026-03-02,Austria,AT,Account issue,account_issue,2,7.01,0.5,4.0,1,0,0.0,397,17,0.0428,0.005,46,26795,2026-06-22 19:54:06
2026-03-02,Austria,AT,Cancellation,cancellation,5,7.01,1.0,5.0,1,2,0.0,397,17,0.0428,0.0126,46,26795,2026-06-22 19:54:06
2026-03-02,Austria,AT,Late delivery,late_delivery,15,7.47,0.9286,3.67,3,8,43.72,397,17,0.0428,0.0378,46,26795,2026-06-22 19:54:06
2026-03-02,Austria,AT,Missing item,missing_item,1,,,,0,1,0.0,397,17,0.0428,0.0025,46,26795,2026-06-22 19:54:06
2026-03-02,Austria,AT,Payment issue,payment_issue,1,7.37,0.0,4.0,1,1,0.0,397,17,0.0428,0.0025,46,26795,2026-06-22 19:54:06
2026-03-02,Austria,AT,Refund request,refund_request,7,9.35,0.8333,4.0,2,2,0.0,397,17,0.0428,0.0176,46,26795,2026-06-22 19:54:06
2026-03-02,Germany,DE,Account issue,account_issue,6,8.98,1.0,4.5,2,0,0.0,956,33,0.0345,0.0063,49,26996,2026-06-22 19:54:06
2026-03-02,Germany,DE,Cancellation,cancellation,10,5.53,0.9,4.25,4,2,0.0,956,33,0.0345,0.0105,49,26996,2026-06-22 19:54:06
2026-03-02,Germany,DE,Late delivery,late_delivery,28,8.0,0.96,4.13,8,10,62.94,956,33,0.0345,0.0293,49,26996,2026-06-22 19:54:06
2026-03-02,Germany,DE,Missing item,missing_item,14,6.49,1.0,4.13,8,3,92.68,956,33,0.0345,0.0146,49,26996,2026-06-22 19:54:06
2026-03-02,Germany,DE,Payment issue,payment_issue,6,9.72,1.0,3.5,2,3,0.0,956,33,0.0345,0.0063,49,26996,2026-06-22 19:54:06
2026-03-02,Germany,DE,Refund request,refund_request,10,9.89,0.9,4.0,1,2,106.7,956,33,0.0345,0.0105,49,26996,2026-06-22 19:54:06
2026-03-02,Netherlands,NL,Account issue,account_issue,3,11.38,1.0,4.0,1,1,0.0,609,28,0.046,0.0049,44,26750,2026-06-22 19:54:06
2026-03-02,Netherlands,NL,Cancellation,cancellation,13,5.8,1.0,4.67,6,5,0.0,609,28,0.046,0.0213,44,26750,2026-06-22 19:54:06
2026-03-02,Netherlands,NL,Late delivery,late_delivery,23,8.21,0.9,3.75,8,8,41.57,609,28,0.046,0.0378,44,26750,2026-06-22 19:54:06
2026-03-02,Netherlands,NL,Missing item,missing_item,10,7.46,0.875,3.5,2,4,60.46,609,28,0.046,0.0164,44,26750,2026-06-22 19:54:06
2026-03-02,Netherlands,NL,Payment issue,payment_issue,1,10.58,1.0,4.0,1,0,0.0,609,28,0.046,0.0016,44,26750,2026-06-22 19:54:06
2026-03-02,Netherlands,NL,Refund request,refund_request,8,8.67,0.875,5.0,1,4,18.79,609,28,0.046,0.0131,44,26750,2026-06-22 19:54:06
2026-03-02,Poland,PL,Account issue,account_issue,3,10.82,1.0,4.0,1,0,0.0,525,26,0.0495,0.0057,43,27266,2026-06-22 19:54:06
2026-03-02,Poland,PL,Cancellation,cancellation,8,6.16,0.875,3.83,6,1,0.0,525,26,0.0495,0.0152,43,27266,2026-06-22 19:54:06
2026-03-02,Poland,PL,Late delivery,late_delivery,24,8.55,0.8261,3.25,8,6,110.25,525,26,0.0495,0.0457,43,27266,2026-06-22 19:54:06
2026-03-02,Poland,PL,Missing item,missing_item,8,6.21,0.8571,4.5,2,4,51.9,525,26,0.0495,0.0152,43,27266,2026-06-22 19:54:06
2026-03-02,Poland,PL,Payment issue,payment_issue,3,10.87,1.0,3.0,1,1,0.0,525,26,0.0495,0.0057,43,27266,2026-06-22 19:54:06
2026-03-02,Poland,PL,Refund request,refund_request,3,11.18,1.0,5.0,1,3,43.83,525,26,0.0495,0.0057,43,27266,2026-06-22 19:54:06
2026-03-02,United Kingdom,UK,Account issue,account_issue,3,8.56,1.0,5.0,1,1,0.0,836,39,0.0467,0.0036,45,27831,2026-06-22 19:54:06
2026-03-02,United Kingdom,UK,Cancellation,cancellation,22,6.27,1.0,4.57,7,9,0.0,836,39,0.0467,0.0263,45,27831,2026-06-22 19:54:06
2026-03-02,United Kingdom,UK,Late delivery,late_delivery,30,7.85,1.0,3.92,12,11,59.48,836,39,0.0467,0.0359,45,27831,2026-06-22 19:54:06
2026-03-02,United Kingdom,UK,Missing item,missing_item,7,6.94,1.0,3.67,3,2,45.86,836,39,0.0467,0.0084,45,27831,2026-06-22 19:54:06
2026-03-02,United Kingdom,UK,Payment issue,payment_issue,6,9.04,1.0,4.0,2,0,0.0,836,39,0.0467,0.0072,45,27831,2026-06-22 19:54:06
2026-03-02,United Kingdom,UK,Refund request,refund_request,12,9.6,0.9,4.33,3,5,70.24,836,39,0.0467,0.0144,45,27831,2026-06-22 19:54:06
2026-03-09,Austria,AT,Account issue,account_issue,3,8.1,0.6667,4.5,2,2,0.0,379,13,0.0343,0.0079,51,28418,2026-06-22 19:54:06
2026-03-09,Austria,AT,Cancellation,cancellation,7,6.48,0.8333,4.0,2,3,0.0,379,13,0.0343,0.0185,51,28418,2026-06-22 19:54:06
2026-03-09,Austria,AT,Late delivery,late_delivery,11,8.62,1.0,4.0,4,3,33.13,379,13,0.0343,0.029,51,28418,2026-06-22 19:54:06
2026-03-09,Austria,AT,Missing item,missing_item,6,7.22,1.0,4.25,4,2,30.38,379,13,0.0343,0.0158,51,28418,2026-06-22 19:54:06
2026-03-09,Austria,AT,Refund request,refund_request,5,7.6,1.0,5.0,3,1,30.99,379,13,0.0343,0.0132,51,28418,2026-06-22 19:54:06
2026-03-09,Germany,DE,Account issue,account_issue,4,7.9,1.0,4.0,1,1,0.0,956,45,0.0471,0.0042,47,27396,2026-06-22 19:54:06
2026-03-09,Germany,DE,Cancellation,cancellation,14,5.43,1.0,4.0,3,3,0.0,956,45,0.0471,0.0146,47,27396,2026-06-22 19:54:06
2026-03-09,Germany,DE,Late delivery,late_delivery,31,7.83,0.963,3.58,12,12,63.09,956,45,0.0471,0.0324,47,27396,2026-06-22 19:54:06
2026-03-09,Germany,DE,Missing item,missing_item,10,6.68,0.875,4.6,5,4,35.56,956,45,0.0471,0.0105,47,27396,2026-06-22 19:54:06
2026-03-09,Germany,DE,Payment issue,payment_issue,5,11.25,1.0,4.0,1,1,0.0,956,45,0.0471,0.0052,47,27396,2026-06-22 19:54:06
2026-03-09,Germany,DE,Refund request,refund_request,11,9.46,1.0,4.33,6,4,44.77,956,45,0.0471,0.0115,47,27396,2026-06-22 19:54:06
2026-03-09,Netherlands,NL,Account issue,account_issue,3,10.11,1.0,4.0,1,1,0.0,696,23,0.033,0.0043,50,27653,2026-06-22 19:54:06
2026-03-09,Netherlands,NL,Cancellation,cancellation,13,5.63,0.9091,4.33,3,6,0.0,696,23,0.033,0.0187,50,27653,2026-06-22 19:54:06
2026-03-09,Netherlands,NL,Late delivery,late_delivery,23,8.0,1.0,3.75,4,8,91.51,696,23,0.033,0.033,50,27653,2026-06-22 19:54:06
2026-03-09,Netherlands,NL,Missing item,missing_item,7,7.55,0.8571,4.0,1,1,30.28,696,23,0.033,0.0101,50,27653,2026-06-22 19:54:06
2026-03-09,Netherlands,NL,Payment issue,payment_issue,5,10.73,1.0,4.5,2,0,0.0,696,23,0.033,0.0072,50,27653,2026-06-22 19:54:06
2026-03-09,Netherlands,NL,Refund request,refund_request,11,9.54,1.0,4.0,6,2,23.12,696,23,0.033,0.0158,50,27653,2026-06-22 19:54:06
2026-03-09,Poland,PL,Account issue,account_issue,4,9.63,1.0,4.5,2,1,0.0,533,25,0.0469,0.0075,45,27976,2026-06-22 19:54:06
2026-03-09,Poland,PL,Cancellation,cancellation,12,5.96,0.9,4.0,4,4,0.0,533,25,0.0469,0.0225,45,27976,2026-06-22 19:54:06
2026-03-09,Poland,PL,Late delivery,late_delivery,22,7.86,0.9048,3.83,6,5,71.48,533,25,0.0469,0.0413,45,27976,2026-06-22 19:54:06
2026-03-09,Poland,PL,Missing item,missing_item,10,6.68,1.0,4.5,4,4,58.76,533,25,0.0469,0.0188,45,27976,2026-06-22 19:54:06
2026-03-09,Poland,PL,Payment issue,payment_issue,5,9.47,1.0,4.5,2,2,0.0,533,25,0.0469,0.0094,45,27976,2026-06-22 19:54:06
2026-03-09,Poland,PL,Refund request,refund_request,4,8.98,1.0,,0,2,39.86,533,25,0.0469,0.0075,45,27976,2026-06-22 19:54:06
2026-03-09,United Kingdom,UK,Account issue,account_issue,5,8.5,1.0,4.0,3,1,0.0,794,79,0.0995,0.0063,48,27849,2026-06-22 19:54:06
2026-03-09,United Kingdom,UK,Cancellation,cancellation,23,6.39,1.0,3.64,11,5,0.0,794,79,0.0995,0.029,48,27849,2026-06-22 19:54:06
2026-03-09,United Kingdom,UK,Late delivery,late_delivery,34,7.43,0.9063,3.68,19,9,150.0,794,79,0.0995,0.0428,48,27849,2026-06-22 19:54:06
2026-03-09,United Kingdom,UK,Missing item,missing_item,9,5.9,1.0,2.0,1,3,25.1,794,79,0.0995,0.0113,48,27849,2026-06-22 19:54:06
2026-03-09,United Kingdom,UK,Payment issue,payment_issue,8,11.73,0.75,4.0,3,5,0.0,794,79,0.0995,0.0101,48,27849,2026-06-22 19:54:06
2026-03-09,United Kingdom,UK,Refund request,refund_request,4,7.47,1.0,4.5,2,1,0.0,794,79,0.0995,0.005,48,27849,2026-06-22 19:54:06
2026-03-16,Austria,AT,Cancellation,cancellation,9,6.21,0.75,3.0,1,3,0.0,385,20,0.0519,0.0234,48,27560,2026-06-22 19:54:06
2026-03-16,Austria,AT,Late delivery,late_delivery,14,8.09,0.9231,4.0,2,7,62.07,385,20,0.0519,0.0364,48,27560,2026-06-22 19:54:06
2026-03-16,Austria,AT,Missing item,missing_item,3,5.08,0.5,4.0,1,1,33.04,385,20,0.0519,0.0078,48,27560,2026-06-22 19:54:06
2026-03-16,Austria,AT,Payment issue,payment_issue,1,8.92,1.0,,0,1,0.0,385,20,0.0519,0.0026,48,27560,2026-06-22 19:54:06
2026-03-16,Austria,AT,Refund request,refund_request,3,9.29,1.0,5.0,1,2,31.11,385,20,0.0519,0.0078,48,27560,2026-06-22 19:54:06
2026-03-16,Germany,DE,Account issue,account_issue,5,9.39,1.0,3.0,1,0,0.0,995,51,0.0513,0.005,49,27932,2026-06-22 19:54:06
2026-03-16,Germany,DE,Cancellation,cancellation,22,6.12,1.0,4.44,9,8,0.0,995,51,0.0513,0.0221,49,27932,2026-06-22 19:54:06
2026-03-16,Germany,DE,Late delivery,late_delivery,34,7.13,0.9688,3.92,13,8,154.24,995,51,0.0513,0.0342,49,27932,2026-06-22 19:54:06
2026-03-16,Germany,DE,Missing item,missing_item,15,6.89,0.9333,3.6,5,2,33.77,995,51,0.0513,0.0151,49,27932,2026-06-22 19:54:06
2026-03-16,Germany,DE,Payment issue,payment_issue,8,9.81,0.875,4.25,4,2,0.0,995,51,0.0513,0.008,49,27932,2026-06-22 19:54:06
2026-03-16,Germany,DE,Refund request,refund_request,16,9.15,0.6875,4.2,5,4,173.03,995,51,0.0513,0.0161,49,27932,2026-06-22 19:54:06
2026-03-16,Netherlands,NL,Account issue,account_issue,2,8.87,1.0,4.0,2,0,0.0,666,27,0.0405,0.003,44,27351,2026-06-22 19:54:06
2026-03-16,Netherlands,NL,Cancellation,cancellation,7,5.92,0.8571,4.0,1,1,0.0,666,27,0.0405,0.0105,44,27351,2026-06-22 19:54:06
2026-03-16,Netherlands,NL,Late delivery,late_delivery,28,7.43,0.8889,3.73,11,7,81.8,666,27,0.0405,0.042,44,27351,2026-06-22 19:54:06
2026-03-16,Netherlands,NL,Missing item,missing_item,9,6.38,0.875,4.0,2,4,8.43,666,27,0.0405,0.0135,44,27351,2026-06-22 19:54:06
2026-03-16,Netherlands,NL,Payment issue,payment_issue,3,9.55,1.0,,0,3,0.0,666,27,0.0405,0.0045,44,27351,2026-06-22 19:54:06
2026-03-16,Netherlands,NL,Refund request,refund_request,11,8.24,0.8,4.2,5,2,34.39,666,27,0.0405,0.0165,44,27351,2026-06-22 19:54:06
2026-03-16,Poland,PL,Account issue,account_issue,2,9.22,0.0,,0,1,0.0,545,16,0.0294,0.0037,46,28232,2026-06-22 19:54:06
2026-03-16,Poland,PL,Cancellation,cancellation,5,4.66,1.0,4.0,1,0,0.0,545,16,0.0294,0.0092,46,28232,2026-06-22 19:54:06
2026-03-16,Poland,PL,Late delivery,late_delivery,23,8.11,0.85,4.0,5,5,99.66,545,16,0.0294,0.0422,46,28232,2026-06-22 19:54:06
2026-03-16,Poland,PL,Missing item,missing_item,7,7.27,1.0,3.8,5,3,0.0,545,16,0.0294,0.0128,46,28232,2026-06-22 19:54:06
2026-03-16,Poland,PL,Payment issue,payment_issue,3,10.88,1.0,4.33,3,1,0.0,545,16,0.0294,0.0055,46,28232,2026-06-22 19:54:06
2026-03-16,Poland,PL,Refund request,refund_request,4,9.21,1.0,4.67,3,1,29.88,545,16,0.0294,0.0073,46,28232,2026-06-22 19:54:06
2026-03-16,United Kingdom,UK,Account issue,account_issue,4,8.83,1.0,,0,1,0.0,797,79,0.0991,0.005,47,26572,2026-06-22 19:54:06
2026-03-16,United Kingdom,UK,Cancellation,cancellation,19,5.79,1.0,4.0,6,7,0.0,797,79,0.0991,0.0238,47,26572,2026-06-22 19:54:06
2026-03-16,United Kingdom,UK,Late delivery,late_delivery,23,8.17,0.75,3.14,7,11,117.13,797,79,0.0991,0.0289,47,26572,2026-06-22 19:54:06
2026-03-16,United Kingdom,UK,Missing item,missing_item,5,7.62,1.0,4.0,1,1,24.64,797,79,0.0991,0.0063,47,26572,2026-06-22 19:54:06
2026-03-16,United Kingdom,UK,Payment issue,payment_issue,2,10.14,1.0,,0,0,0.0,797,79,0.0991,0.0025,47,26572,2026-06-22 19:54:06
2026-03-16,United Kingdom,UK,Refund request,refund_request,8,8.89,0.875,4.0,4,2,19.27,797,79,0.0991,0.01,47,26572,2026-06-22 19:54:06
2026-03-23,Austria,AT,Account issue,account_issue,4,9.01,1.0,4.0,1,3,0.0,386,17,0.044,0.0104,43,26153,2026-06-22 19:54:06
2026-03-23,Austria,AT,Cancellation,cancellation,8,6.2,1.0,4.0,3,3,0.0,386,17,0.044,0.0207,43,26153,2026-06-22 19:54:06
2026-03-23,Austria,AT,Late delivery,late_delivery,13,7.49,0.9167,4.2,5,4,34.07,386,17,0.044,0.0337,43,26153,2026-06-22 19:54:06
2026-03-23,Austria,AT,Missing item,missing_item,4,6.22,1.0,,0,2,30.71,386,17,0.044,0.0104,43,26153,2026-06-22 19:54:06
2026-03-23,Austria,AT,Payment issue,payment_issue,2,12.92,1.0,5.0,1,1,0.0,386,17,0.044,0.0052,43,26153,2026-06-22 19:54:06
2026-03-23,Austria,AT,Refund request,refund_request,5,8.58,0.75,3.5,2,2,49.81,386,17,0.044,0.013,43,26153,2026-06-22 19:54:06
2026-03-23,Germany,DE,Account issue,account_issue,7,9.33,0.8571,5.0,1,1,0.0,1034,57,0.0551,0.0068,45,27431,2026-06-22 19:54:06
2026-03-23,Germany,DE,Cancellation,cancellation,15,6.39,0.9286,3.67,6,3,0.0,1034,57,0.0551,0.0145,45,27431,2026-06-22 19:54:06
2026-03-23,Germany,DE,Late delivery,late_delivery,66,12.02,0.8478,3.3,23,37,192.8,1034,57,0.0551,0.0638,45,27431,2026-06-22 19:54:06
2026-03-23,Germany,DE,Missing item,missing_item,20,7.16,0.85,4.43,7,3,81.63,1034,57,0.0551,0.0193,45,27431,2026-06-22 19:54:06
2026-03-23,Germany,DE,Payment issue,payment_issue,6,9.57,1.0,,0,2,0.0,1034,57,0.0551,0.0058,45,27431,2026-06-22 19:54:06
2026-03-23,Germany,DE,Refund request,refund_request,7,8.83,1.0,4.0,3,5,107.13,1034,57,0.0551,0.0068,45,27431,2026-06-22 19:54:06
2026-03-23,Netherlands,NL,Account issue,account_issue,5,9.51,1.0,5.0,1,1,0.0,606,33,0.0545,0.0083,48,26354,2026-06-22 19:54:06
2026-03-23,Netherlands,NL,Cancellation,cancellation,7,5.8,1.0,3.5,2,2,0.0,606,33,0.0545,0.0116,48,26354,2026-06-22 19:54:06
2026-03-23,Netherlands,NL,Late delivery,late_delivery,22,8.43,0.8947,3.71,7,9,41.52,606,33,0.0545,0.0363,48,26354,2026-06-22 19:54:06
2026-03-23,Netherlands,NL,Missing item,missing_item,13,7.01,0.9167,3.67,3,3,39.8,606,33,0.0545,0.0215,48,26354,2026-06-22 19:54:06
2026-03-23,Netherlands,NL,Payment issue,payment_issue,4,12.24,1.0,4.5,2,0,0.0,606,33,0.0545,0.0066,48,26354,2026-06-22 19:54:06
2026-03-23,Netherlands,NL,Refund request,refund_request,10,9.54,1.0,4.4,5,2,106.75,606,33,0.0545,0.0165,48,26354,2026-06-22 19:54:06
2026-03-23,Poland,PL,Account issue,account_issue,4,10.37,1.0,,0,0,0.0,477,18,0.0377,0.0084,49,26651,2026-06-22 19:54:06
2026-03-23,Poland,PL,Cancellation,cancellation,4,4.96,1.0,4.0,1,4,0.0,477,18,0.0377,0.0084,49,26651,2026-06-22 19:54:06
2026-03-23,Poland,PL,Late delivery,late_delivery,18,7.72,0.75,3.38,8,6,49.39,477,18,0.0377,0.0377,49,26651,2026-06-22 19:54:06
2026-03-23,Poland,PL,Missing item,missing_item,9,7.08,1.0,4.25,4,1,37.57,477,18,0.0377,0.0189,49,26651,2026-06-22 19:54:06
2026-03-23,Poland,PL,Payment issue,payment_issue,3,9.9,1.0,,0,1,0.0,477,18,0.0377,0.0063,49,26651,2026-06-22 19:54:06
2026-03-23,Poland,PL,Refund request,refund_request,3,8.04,1.0,4.0,1,1,28.43,477,18,0.0377,0.0063,49,26651,2026-06-22 19:54:06
2026-03-23,United Kingdom,UK,Account issue,account_issue,5,7.04,1.0,4.5,2,3,0.0,827,37,0.0447,0.006,47,27907,2026-06-22 19:54:06
2026-03-23,United Kingdom,UK,Cancellation,cancellation,14,5.94,1.0,4.0,1,3,0.0,827,37,0.0447,0.0169,47,27907,2026-06-22 19:54:06
2026-03-23,United Kingdom,UK,Late delivery,late_delivery,33,7.94,0.8788,3.85,13,6,147.57,827,37,0.0447,0.0399,47,27907,2026-06-22 19:54:06
2026-03-23,United Kingdom,UK,Missing item,missing_item,10,7.24,0.9,4.5,2,2,45.97,827,37,0.0447,0.0121,47,27907,2026-06-22 19:54:06
2026-03-23,United Kingdom,UK,Payment issue,payment_issue,5,10.13,1.0,5.0,1,2,0.0,827,37,0.0447,0.006,47,27907,2026-06-22 19:54:06
2026-03-23,United Kingdom,UK,Refund request,refund_request,8,9.61,1.0,4.33,3,1,54.46,827,37,0.0447,0.0097,47,27907,2026-06-22 19:54:06
2026-03-30,Austria,AT,Account issue,account_issue,1,9.22,1.0,,0,0,0.0,380,16,0.0421,0.0026,49,25965,2026-06-22 19:54:06
2026-03-30,Austria,AT,Cancellation,cancellation,1,10.03,1.0,4.0,1,0,0.0,380,16,0.0421,0.0026,49,25965,2026-06-22 19:54:06
2026-03-30,Austria,AT,Late delivery,late_delivery,13,8.6,1.0,3.6,5,5,36.5,380,16,0.0421,0.0342,49,25965,2026-06-22 19:54:06
2026-03-30,Austria,AT,Missing item,missing_item,7,5.39,1.0,5.0,2,2,23.98,380,16,0.0421,0.0184,49,25965,2026-06-22 19:54:06
2026-03-30,Austria,AT,Payment issue,payment_issue,5,10.01,1.0,4.5,2,4,0.0,380,16,0.0421,0.0132,49,25965,2026-06-22 19:54:06
2026-03-30,Austria,AT,Refund request,refund_request,7,9.41,0.8571,3.0,2,2,23.25,380,16,0.0421,0.0184,49,25965,2026-06-22 19:54:06
2026-03-30,Germany,DE,Account issue,account_issue,4,7.53,1.0,5.0,2,0,0.0,975,43,0.0441,0.0041,47,28338,2026-06-22 19:54:06
2026-03-30,Germany,DE,Cancellation,cancellation,21,5.5,0.9524,4.57,7,5,0.0,975,43,0.0441,0.0215,47,28338,2026-06-22 19:54:06
2026-03-30,Germany,DE,Late delivery,late_delivery,62,12.28,0.9487,3.57,14,30,242.04,975,43,0.0441,0.0636,47,28338,2026-06-22 19:54:06
2026-03-30,Germany,DE,Missing item,missing_item,16,6.75,1.0,4.0,3,6,66.86,975,43,0.0441,0.0164,47,28338,2026-06-22 19:54:06
2026-03-30,Germany,DE,Payment issue,payment_issue,4,9.91,1.0,4.0,2,2,0.0,975,43,0.0441,0.0041,47,28338,2026-06-22 19:54:06
2026-03-30,Germany,DE,Refund request,refund_request,6,9.18,0.8333,,0,1,0.0,975,43,0.0441,0.0062,47,28338,2026-06-22 19:54:06
2026-03-30,Netherlands,NL,Account issue,account_issue,6,8.75,1.0,4.5,2,3,0.0,635,18,0.0283,0.0094,45,27406,2026-06-22 19:54:06
2026-03-30,Netherlands,NL,Cancellation,cancellation,13,5.77,0.9167,4.0,6,2,0.0,635,18,0.0283,0.0205,45,27406,2026-06-22 19:54:06
2026-03-30,Netherlands,NL,Late delivery,late_delivery,15,6.89,1.0,3.83,6,9,40.19,635,18,0.0283,0.0236,45,27406,2026-06-22 19:54:06
2026-03-30,Netherlands,NL,Missing item,missing_item,5,6.37,1.0,4.0,4,0,34.63,635,18,0.0283,0.0079,45,27406,2026-06-22 19:54:06
2026-03-30,Netherlands,NL,Payment issue,payment_issue,6,8.63,0.6667,4.5,2,2,0.0,635,18,0.0283,0.0094,45,27406,2026-06-22 19:54:06
2026-03-30,Netherlands,NL,Refund request,refund_request,11,10.04,0.8,3.6,5,5,48.65,635,18,0.0283,0.0173,45,27406,2026-06-22 19:54:06
2026-03-30,Poland,PL,Account issue,account_issue,1,8.07,1.0,,0,0,0.0,533,22,0.0413,0.0019,49,27261,2026-06-22 19:54:06
2026-03-30,Poland,PL,Cancellation,cancellation,5,6.14,1.0,,0,1,0.0,533,22,0.0413,0.0094,49,27261,2026-06-22 19:54:06
2026-03-30,Poland,PL,Late delivery,late_delivery,21,7.46,0.9375,4.25,4,10,36.06,533,22,0.0413,0.0394,49,27261,2026-06-22 19:54:06
2026-03-30,Poland,PL,Missing item,missing_item,6,7.51,1.0,3.5,2,1,43.24,533,22,0.0413,0.0113,49,27261,2026-06-22 19:54:06
2026-03-30,Poland,PL,Payment issue,payment_issue,6,11.31,0.8333,3.0,1,3,0.0,533,22,0.0413,0.0113,49,27261,2026-06-22 19:54:06
2026-03-30,Poland,PL,Refund request,refund_request,1,6.23,1.0,,0,0,0.0,533,22,0.0413,0.0019,49,27261,2026-06-22 19:54:06
2026-03-30,United Kingdom,UK,Account issue,account_issue,4,8.4,1.0,4.0,1,2,0.0,846,42,0.0496,0.0047,49,26492,2026-06-22 19:54:06
2026-03-30,United Kingdom,UK,Cancellation,cancellation,18,6.11,1.0,4.33,6,4,0.0,846,42,0.0496,0.0213,49,26492,2026-06-22 19:54:06
2026-03-30,United Kingdom,UK,Late delivery,late_delivery,30,7.76,0.931,4.1,10,11,86.48,846,42,0.0496,0.0355,49,26492,2026-06-22 19:54:06
2026-03-30,United Kingdom,UK,Missing item,missing_item,9,6.53,0.8889,4.5,2,3,38.98,846,42,0.0496,0.0106,49,26492,2026-06-22 19:54:06
2026-03-30,United Kingdom,UK,Payment issue,payment_issue,4,9.32,1.0,4.5,2,0,0.0,846,42,0.0496,0.0047,49,26492,2026-06-22 19:54:06
2026-03-30,United Kingdom,UK,Refund request,refund_request,13,8.88,0.8182,4.5,2,6,104.29,846,42,0.0496,0.0154,49,26492,2026-06-22 19:54:06
2026-04-06,Austria,AT,Account issue,account_issue,1,9.63,1.0,4.0,1,1,0.0,399,23,0.0576,0.0025,47,24958,2026-06-22 19:54:06
2026-04-06,Austria,AT,Cancellation,cancellation,11,5.03,0.8,4.4,5,5,0.0,399,23,0.0576,0.0276,47,24958,2026-06-22 19:54:06
2026-04-06,Austria,AT,Late delivery,late_delivery,15,7.4,0.9286,3.5,2,2,113.74,399,23,0.0576,0.0376,47,24958,2026-06-22 19:54:06
2026-04-06,Austria,AT,Missing item,missing_item,6,7.82,1.0,4.0,2,3,43.97,399,23,0.0576,0.015,47,24958,2026-06-22 19:54:06
2026-04-06,Austria,AT,Payment issue,payment_issue,4,10.38,0.75,4.0,1,1,0.0,399,23,0.0576,0.01,47,24958,2026-06-22 19:54:06
2026-04-06,Austria,AT,Refund request,refund_request,6,7.82,1.0,3.67,3,2,22.65,399,23,0.0576,0.015,47,24958,2026-06-22 19:54:06
2026-04-06,Germany,DE,Account issue,account_issue,6,7.72,1.0,4.0,3,3,0.0,984,38,0.0386,0.0061,49,27000,2026-06-22 19:54:06
2026-04-06,Germany,DE,Cancellation,cancellation,17,5.86,0.9375,4.11,9,3,0.0,984,38,0.0386,0.0173,49,27000,2026-06-22 19:54:06
2026-04-06,Germany,DE,Late delivery,late_delivery,37,8.09,0.871,4.0,12,19,193.0,984,38,0.0386,0.0376,49,27000,2026-06-22 19:54:06
2026-04-06,Germany,DE,Missing item,missing_item,14,6.26,1.0,4.5,2,3,36.42,984,38,0.0386,0.0142,49,27000,2026-06-22 19:54:06
2026-04-06,Germany,DE,Payment issue,payment_issue,7,9.84,0.8571,4.0,2,3,0.0,984,38,0.0386,0.0071,49,27000,2026-06-22 19:54:06
2026-04-06,Germany,DE,Refund request,refund_request,12,8.52,0.75,3.83,6,4,90.2,984,38,0.0386,0.0122,49,27000,2026-06-22 19:54:06
2026-04-06,Netherlands,NL,Account issue,account_issue,8,7.64,1.0,4.5,2,5,0.0,638,29,0.0455,0.0125,46,26455,2026-06-22 19:54:06
2026-04-06,Netherlands,NL,Cancellation,cancellation,11,5.45,1.0,4.17,6,2,0.0,638,29,0.0455,0.0172,46,26455,2026-06-22 19:54:06
2026-04-06,Netherlands,NL,Late delivery,late_delivery,23,6.92,0.9474,4.14,7,10,254.01,638,29,0.0455,0.0361,46,26455,2026-06-22 19:54:06
2026-04-06,Netherlands,NL,Missing item,missing_item,8,6.25,0.75,4.0,2,2,37.32,638,29,0.0455,0.0125,46,26455,2026-06-22 19:54:06
2026-04-06,Netherlands,NL,Payment issue,payment_issue,4,9.29,1.0,4.0,2,1,0.0,638,29,0.0455,0.0063,46,26455,2026-06-22 19:54:06
2026-04-06,Netherlands,NL,Refund request,refund_request,38,12.22,0.8235,4.08,12,10,913.21,638,29,0.0455,0.0596,46,26455,2026-06-22 19:54:06
2026-04-06,Poland,PL,Account issue,account_issue,3,7.04,1.0,5.0,1,1,0.0,558,30,0.0538,0.0054,50,28190,2026-06-22 19:54:06
2026-04-06,Poland,PL,Cancellation,cancellation,10,6.47,1.0,4.25,4,5,0.0,558,30,0.0538,0.0179,50,28190,2026-06-22 19:54:06
2026-04-06,Poland,PL,Late delivery,late_delivery,20,7.92,0.7778,3.71,7,5,30.4,558,30,0.0538,0.0358,50,28190,2026-06-22 19:54:06
2026-04-06,Poland,PL,Missing item,missing_item,3,6.4,0.6667,4.5,2,1,0.0,558,30,0.0538,0.0054,50,28190,2026-06-22 19:54:06
2026-04-06,Poland,PL,Payment issue,payment_issue,8,10.96,0.875,4.0,1,3,0.0,558,30,0.0538,0.0143,50,28190,2026-06-22 19:54:06
2026-04-06,Poland,PL,Refund request,refund_request,3,9.52,0.5,,0,1,16.92,558,30,0.0538,0.0054,50,28190,2026-06-22 19:54:06
2026-04-06,United Kingdom,UK,Account issue,account_issue,9,8.45,1.0,4.0,2,4,0.0,769,35,0.0455,0.0117,48,28107,2026-06-22 19:54:06
2026-04-06,United Kingdom,UK,Cancellation,cancellation,12,6.16,1.0,4.5,4,5,0.0,769,35,0.0455,0.0156,48,28107,2026-06-22 19:54:06
2026-04-06,United Kingdom,UK,Late delivery,late_delivery,30,7.37,0.8966,3.67,9,11,181.04,769,35,0.0455,0.039,48,28107,2026-06-22 19:54:06
2026-04-06,United Kingdom,UK,Missing item,missing_item,10,6.65,1.0,5.0,1,2,0.0,769,35,0.0455,0.013,48,28107,2026-06-22 19:54:06
2026-04-06,United Kingdom,UK,Payment issue,payment_issue,4,10.68,0.75,4.0,2,1,0.0,769,35,0.0455,0.0052,48,28107,2026-06-22 19:54:06
2026-04-06,United Kingdom,UK,Refund request,refund_request,9,8.75,1.0,4.5,2,6,59.16,769,35,0.0455,0.0117,48,28107,2026-06-22 19:54:06
2026-04-13,Austria,AT,Account issue,account_issue,3,8.33,1.0,4.0,1,0,0.0,393,25,0.0636,0.0076,53,27949,2026-06-22 19:54:06
2026-04-13,Austria,AT,Cancellation,cancellation,13,4.71,1.0,3.8,5,7,0.0,393,25,0.0636,0.0331,53,27949,2026-06-22 19:54:06
2026-04-13,Austria,AT,Late delivery,late_delivery,18,8.02,0.8125,4.17,6,8,99.9,393,25,0.0636,0.0458,53,27949,2026-06-22 19:54:06
2026-04-13,Austria,AT,Missing item,missing_item,5,5.98,1.0,3.67,3,3,23.93,393,25,0.0636,0.0127,53,27949,2026-06-22 19:54:06
2026-04-13,Austria,AT,Payment issue,payment_issue,5,11.49,1.0,5.0,1,1,0.0,393,25,0.0636,0.0127,53,27949,2026-06-22 19:54:06
2026-04-13,Austria,AT,Refund request,refund_request,3,8.86,1.0,5.0,1,1,22.74,393,25,0.0636,0.0076,53,27949,2026-06-22 19:54:06
2026-04-13,Germany,DE,Account issue,account_issue,14,8.69,1.0,3.5,2,5,0.0,1022,46,0.045,0.0137,47,26751,2026-06-22 19:54:06
2026-04-13,Germany,DE,Cancellation,cancellation,21,4.66,1.0,4.6,5,5,0.0,1022,46,0.045,0.0205,47,26751,2026-06-22 19:54:06
2026-04-13,Germany,DE,Late delivery,late_delivery,47,7.99,0.9048,3.75,12,20,158.99,1022,46,0.045,0.046,47,26751,2026-06-22 19:54:06
2026-04-13,Germany,DE,Missing item,missing_item,20,6.62,1.0,3.9,10,6,49.84,1022,46,0.045,0.0196,47,26751,2026-06-22 19:54:06
2026-04-13,Germany,DE,Payment issue,payment_issue,1,5.13,1.0,4.0,1,0,0.0,1022,46,0.045,0.001,47,26751,2026-06-22 19:54:06
2026-04-13,Germany,DE,Refund request,refund_request,9,9.84,1.0,4.0,7,2,15.39,1022,46,0.045,0.0088,47,26751,2026-06-22 19:54:06
2026-04-13,Netherlands,NL,Account issue,account_issue,7,10.12,1.0,4.0,1,2,0.0,631,21,0.0333,0.0111,46,27810,2026-06-22 19:54:06
2026-04-13,Netherlands,NL,Cancellation,cancellation,6,6.31,1.0,3.5,2,3,0.0,631,21,0.0333,0.0095,46,27810,2026-06-22 19:54:06
2026-04-13,Netherlands,NL,Late delivery,late_delivery,24,7.46,0.9091,4.8,5,13,83.41,631,21,0.0333,0.038,46,27810,2026-06-22 19:54:06
2026-04-13,Netherlands,NL,Missing item,missing_item,8,7.18,1.0,4.5,2,2,33.74,631,21,0.0333,0.0127,46,27810,2026-06-22 19:54:06
2026-04-13,Netherlands,NL,Payment issue,payment_issue,6,10.06,0.8333,3.0,1,4,0.0,631,21,0.0333,0.0095,46,27810,2026-06-22 19:54:06
2026-04-13,Netherlands,NL,Refund request,refund_request,8,8.24,1.0,3.75,4,3,61.47,631,21,0.0333,0.0127,46,27810,2026-06-22 19:54:06
2026-04-13,Poland,PL,Account issue,account_issue,12,8.89,0.9,4.0,1,5,0.0,542,18,0.0332,0.0221,50,28363,2026-06-22 19:54:06
2026-04-13,Poland,PL,Cancellation,cancellation,23,5.53,1.0,4.13,8,6,0.0,542,18,0.0332,0.0424,50,28363,2026-06-22 19:54:06
2026-04-13,Poland,PL,Late delivery,late_delivery,30,7.6,0.8966,3.44,9,11,93.44,542,18,0.0332,0.0554,50,28363,2026-06-22 19:54:06
2026-04-13,Poland,PL,Missing item,missing_item,12,7.99,1.0,4.0,3,5,15.2,542,18,0.0332,0.0221,50,28363,2026-06-22 19:54:06
2026-04-13,Poland,PL,Payment issue,payment_issue,12,11.42,0.9091,4.0,2,3,0.0,542,18,0.0332,0.0221,50,28363,2026-06-22 19:54:06
2026-04-13,Poland,PL,Refund request,refund_request,14,9.09,1.0,4.33,3,5,76.03,542,18,0.0332,0.0258,50,28363,2026-06-22 19:54:06
2026-04-13,United Kingdom,UK,Account issue,account_issue,6,8.69,0.8333,4.0,2,2,0.0,867,32,0.0369,0.0069,46,27221,2026-06-22 19:54:06
2026-04-13,United Kingdom,UK,Cancellation,cancellation,16,5.91,1.0,4.25,8,5,0.0,867,32,0.0369,0.0185,46,27221,2026-06-22 19:54:06
2026-04-13,United Kingdom,UK,Late delivery,late_delivery,30,7.77,0.9655,3.8,10,14,70.97,867,32,0.0369,0.0346,46,27221,2026-06-22 19:54:06
2026-04-13,United Kingdom,UK,Missing item,missing_item,11,6.05,1.0,4.17,6,2,44.27,867,32,0.0369,0.0127,46,27221,2026-06-22 19:54:06
2026-04-13,United Kingdom,UK,Payment issue,payment_issue,3,10.29,1.0,,0,2,0.0,867,32,0.0369,0.0035,46,27221,2026-06-22 19:54:06
2026-04-13,United Kingdom,UK,Refund request,refund_request,14,8.14,1.0,4.33,3,7,103.43,867,32,0.0369,0.0161,46,27221,2026-06-22 19:54:06
2026-04-20,Austria,AT,Account issue,account_issue,4,8.63,1.0,4.0,1,3,0.0,393,15,0.0382,0.0102,47,28417,2026-06-22 19:54:06
2026-04-20,Austria,AT,Cancellation,cancellation,9,5.57,0.8889,4.33,3,4,0.0,393,15,0.0382,0.0229,47,28417,2026-06-22 19:54:06
2026-04-20,Austria,AT,Late delivery,late_delivery,13,6.81,0.8462,3.86,7,4,70.83,393,15,0.0382,0.0331,47,28417,2026-06-22 19:54:06
2026-04-20,Austria,AT,Missing item,missing_item,5,6.33,1.0,4.0,1,1,0.0,393,15,0.0382,0.0127,47,28417,2026-06-22 19:54:06
2026-04-20,Austria,AT,Payment issue,payment_issue,3,12.61,1.0,3.67,3,0,0.0,393,15,0.0382,0.0076,47,28417,2026-06-22 19:54:06
2026-04-20,Austria,AT,Refund request,refund_request,7,9.26,0.8,3.67,3,4,73.94,393,15,0.0382,0.0178,47,28417,2026-06-22 19:54:06
2026-04-20,Germany,DE,Account issue,account_issue,3,9.23,1.0,,0,2,0.0,999,42,0.042,0.003,49,27569,2026-06-22 19:54:06
2026-04-20,Germany,DE,Cancellation,cancellation,19,5.42,0.8889,3.92,12,4,0.0,999,42,0.042,0.019,49,27569,2026-06-22 19:54:06
2026-04-20,Germany,DE,Late delivery,late_delivery,41,8.02,0.8462,3.8,5,10,216.41,999,42,0.042,0.041,49,27569,2026-06-22 19:54:06
2026-04-20,Germany,DE,Missing item,missing_item,18,7.53,0.8824,4.25,4,5,26.28,999,42,0.042,0.018,49,27569,2026-06-22 19:54:06
2026-04-20,Germany,DE,Payment issue,payment_issue,8,9.5,0.8571,4.5,4,2,0.0,999,42,0.042,0.008,49,27569,2026-06-22 19:54:06
2026-04-20,Germany,DE,Refund request,refund_request,8,10.25,0.875,4.33,6,4,54.61,999,42,0.042,0.008,49,27569,2026-06-22 19:54:06
2026-04-20,Netherlands,NL,Account issue,account_issue,3,8.2,1.0,,0,1,0.0,692,38,0.0549,0.0043,44,27074,2026-06-22 19:54:06
2026-04-20,Netherlands,NL,Cancellation,cancellation,14,6.49,1.0,4.67,3,8,0.0,692,38,0.0549,0.0202,44,27074,2026-06-22 19:54:06
2026-04-20,Netherlands,NL,Late delivery,late_delivery,30,7.81,0.8214,4.36,14,10,123.39,692,38,0.0549,0.0434,44,27074,2026-06-22 19:54:06
2026-04-20,Netherlands,NL,Missing item,missing_item,13,7.85,0.9231,4.33,3,6,34.46,692,38,0.0549,0.0188,44,27074,2026-06-22 19:54:06
2026-04-20,Netherlands,NL,Payment issue,payment_issue,9,8.81,1.0,3.33,3,2,0.0,692,38,0.0549,0.013,44,27074,2026-06-22 19:54:06
2026-04-20,Netherlands,NL,Refund request,refund_request,9,8.86,0.875,4.5,2,4,74.56,692,38,0.0549,0.013,44,27074,2026-06-22 19:54:06
2026-04-20,Poland,PL,Account issue,account_issue,6,7.71,1.0,3.0,1,2,0.0,554,23,0.0415,0.0108,46,27884,2026-06-22 19:54:06
2026-04-20,Poland,PL,Cancellation,cancellation,17,5.51,1.0,4.0,2,5,0.0,554,23,0.0415,0.0307,46,27884,2026-06-22 19:54:06
2026-04-20,Poland,PL,Late delivery,late_delivery,23,7.66,0.7273,4.17,6,6,61.39,554,23,0.0415,0.0415,46,27884,2026-06-22 19:54:06
2026-04-20,Poland,PL,Missing item,missing_item,7,5.29,1.0,5.0,2,4,9.85,554,23,0.0415,0.0126,46,27884,2026-06-22 19:54:06
2026-04-20,Poland,PL,Payment issue,payment_issue,4,10.63,1.0,4.5,2,2,0.0,554,23,0.0415,0.0072,46,27884,2026-06-22 19:54:06
2026-04-20,Poland,PL,Refund request,refund_request,9,8.49,1.0,4.33,3,4,103.6,554,23,0.0415,0.0162,46,27884,2026-06-22 19:54:06
2026-04-20,United Kingdom,UK,Account issue,account_issue,8,8.13,0.8571,,0,2,0.0,869,36,0.0414,0.0092,47,27381,2026-06-22 19:54:06
2026-04-20,United Kingdom,UK,Cancellation,cancellation,16,5.99,0.8571,3.5,4,4,0.0,869,36,0.0414,0.0184,47,27381,2026-06-22 19:54:06
2026-04-20,United Kingdom,UK,Late delivery,late_delivery,21,7.01,0.9444,4.0,8,8,71.71,869,36,0.0414,0.0242,47,27381,2026-06-22 19:54:06
2026-04-20,United Kingdom,UK,Missing item,missing_item,7,7.66,1.0,4.25,4,3,13.0,869,36,0.0414,0.0081,47,27381,2026-06-22 19:54:06
2026-04-20,United Kingdom,UK,Payment issue,payment_issue,8,8.62,1.0,4.5,2,5,0.0,869,36,0.0414,0.0092,47,27381,2026-06-22 19:54:06
2026-04-20,United Kingdom,UK,Refund request,refund_request,12,9.69,0.9091,4.0,3,4,61.5,869,36,0.0414,0.0138,47,27381,2026-06-22 19:54:06
